community,size,mean.degree,mean.strength,total.degree,total.strength,relative.size
Merleauponty,2671,24.268064395357545,182.77648820666417,64820,488196,0.37640924464487036
James,1107,48.72538392050587,351.7940379403794,53939,389436,0.15600338218714768
Husserl,1515,32.44950495049505,253.34653465346534,49161,383820,0.21350056369785794
Zahavi,1087,35.10855565777369,241.7534498620055,38163,262786,0.153184892897407
Wittgenstein,388,28.989690721649485,184.52061855670104,11248,71594,0.05467869222096956
Solomon,139,32.172661870503596,200.9208633093525,4472,27928,0.019588500563697857
