community,size,mean.degree,mean.strength,total.degree,total.strength,relative.size
Kenny,16,11.3125,70.375,181,1126,0.1095890410958904
Solomon,52,13.923076923076923,93.6923076923077,724,4872,0.3561643835616438
Brampton,13,8.615384615384615,35.53846153846154,112,462,0.08904109589041095
Desousa,27,23,160.2962962962963,621,4328,0.18493150684931506
Nussbaum,33,7.96969696969697,48,263,1584,0.22602739726027396
Trout,5,4.2,16.8,21,84,0.03424657534246575
