community,size,mean.degree,mean.strength,total.degree,total.strength,relative.size
Gallagher,197,15.279187817258883,116.2741116751269,3010,22906,0.1751111111111111
Gallese,193,26.54922279792746,156.0621761658031,5124,30120,0.17155555555555554
Clark,172,25.24418604651163,174.7674418604651,4342,30060,0.15288888888888888
Lakoff,30,18.966666666666665,88.13333333333334,569,2644,0.02666666666666667
Zahavi,173,13.901734104046243,100,2405,17300,0.1537777777777778
Dewey,85,9.588235294117647,48.023529411764706,815,4082,0.07555555555555556
Damasio,127,17.062992125984252,88.70866141732283,2167,11266,0.11288888888888889
Varela,148,18.054054054054053,140.25675675675674,2672,20758,0.13155555555555556
