community,size,mean.degree,mean.strength,total.degree,total.strength,relative.size
Merleauponty,2723,23.99632757987514,179.44179214102093,65342,488620,0.3820681913848744
Zahavi,1125,35.089777777777776,241.40977777777778,39476,271586,0.1578504279500491
Solomon,146,31.21917808219178,192.84931506849315,4558,28156,0.020485477760628597
Wittgenstein,353,29.838526912181305,186.1643059490085,10533,65716,0.04952995650343763
James,1104,48.539855072463766,349.9311594202899,53588,386324,0.15490388662831486
Husserl,1470,32.75238095238095,255.97687074829932,48146,376286,0.2062578925213975
