community,size,mean.degree,mean.strength,total.degree,total.strength,relative.size
Sass,76,30.56578947368421,189.23684210526315,2323,14382,0.1958762886597938
Jaspers,44,9.409090909090908,60.77272727272727,414,2674,0.1134020618556701
Wittgenstein,57,5.157894736842105,27.789473684210527,294,1584,0.14690721649484537
Fuchs,105,13.81904761904762,96.17142857142858,1451,10098,0.2706185567010309
Leudar,21,8.19047619047619,34.666666666666664,172,728,0.05412371134020619
Gerrans,34,17.91176470588235,86.82352941176471,609,2952,0.08762886597938144
Broome,17,20,90.94117647058823,340,1546,0.04381443298969072
Wiggins,23,18.217391304347824,88.8695652173913,419,2044,0.059278350515463915
Giampierideutsch,5,5,20,25,100,0.01288659793814433
